,timestamp,value
0,2000-01-01T00:00:00,11.154313468450903
1,2000-01-02T00:00:00,9.445002719761707
2,2000-01-03T00:00:00,10.643783662915085
3,2000-01-04T00:00:00,11.640858351142157
4,2000-01-05T00:00:00,9.55626089571625
5,2000-01-06T00:00:00,9.124242616377384
6,2000-01-07T00:00:00,7.178580969462352
7,2000-01-08T00:00:00,10.419507207188616
8,2000-01-09T00:00:00,11.796597201879552
9,2000-01-10T00:00:00,11.32290481079962
10,2000-01-11T00:00:00,9.482075553050167
11,2000-01-12T00:00:00,8.02674661963913
12,2000-01-13T00:00:00,6.981633096597024
13,2000-01-14T00:00:00,9.819491309101844
14,2000-01-15T00:00:00,7.299200607327822
15,2000-01-16T00:00:00,8.960034653096534
16,2000-01-17T00:00:00,10.01941915570758
17,2000-01-18T00:00:00,14.054167830622378
18,2000-01-19T00:00:00,7.981875364288689
19,2000-01-20T00:00:00,7.704326117095402
20,2000-01-21T00:00:00,11.36959454764834
21,2000-01-22T00:00:00,6.822191516936142
22,2000-01-23T00:00:00,11.17860864021106
23,2000-01-24T00:00:00,8.911942286346852
24,2000-01-25T00:00:00,9.710379788846167
25,2000-01-26T00:00:00,8.045043331506323
26,2000-01-27T00:00:00,7.568407550782792
27,2000-01-28T00:00:00,10.386623897265787
28,2000-01-29T00:00:00,9.762394563111048
29,2000-01-30T00:00:00,8.559088373840092
30,2000-01-31T00:00:00,10.518266169710255
31,2000-02-01T00:00:00,12.474617787298117
32,2000-02-02T00:00:00,9.864351085716159
33,2000-02-03T00:00:00,6.737776255398171
34,2000-02-04T00:00:00,8.617898340209331
35,2000-02-05T00:00:00,9.149202118730873
36,2000-02-06T00:00:00,11.537621687167075
37,2000-02-07T00:00:00,11.370894398331068
38,2000-02-08T00:00:00,12.379596850207097
39,2000-02-09T00:00:00,7.0330862427106915
40,2000-02-10T00:00:00,11.59900996272312
41,2000-02-11T00:00:00,8.673988779011783
42,2000-02-12T00:00:00,10.879516149478711
43,2000-02-13T00:00:00,9.477848039824181
44,2000-02-14T00:00:00,6.341025713965644
45,2000-02-15T00:00:00,12.183436628626652
46,2000-02-16T00:00:00,11.359637141421485
47,2000-02-17T00:00:00,8.901534252252858
48,2000-02-18T00:00:00,8.667132564196297
49,2000-02-19T00:00:00,8.741323743823152
50,2000-02-20T00:00:00,7.44864030349412
51,2000-02-21T00:00:00,12.871049665136418
52,2000-02-22T00:00:00,10.418198517935311
53,2000-02-23T00:00:00,9.986561299947143
54,2000-02-24T00:00:00,4.620789348095273
55,2000-02-25T00:00:00,10.941239867521912
56,2000-02-26T00:00:00,15.483615209427526
57,2000-02-27T00:00:00,-1.078442765167968
58,2000-02-28T00:00:00,10.391472722565762
59,2000-02-29T00:00:00,9.661162188474293
60,2000-03-01T00:00:00,8.386035153676923
61,2000-03-02T00:00:00,7.63890536314827
62,2000-03-03T00:00:00,10.152906972316842
63,2000-03-04T00:00:00,10.526036396021285
64,2000-03-05T00:00:00,8.078186898502004
65,2000-03-06T00:00:00,12.394314910292342
66,2000-03-07T00:00:00,8.24471008549267
67,2000-03-08T00:00:00,11.490236283651138
68,2000-03-09T00:00:00,9.099166185456546
69,2000-03-10T00:00:00,10.926160008403961
70,2000-03-11T00:00:00,10.616397172288655
71,2000-03-12T00:00:00,8.0882534443304
72,2000-03-13T00:00:00,7.8266302653286886
73,2000-03-14T00:00:00,11.658100289072241
74,2000-03-15T00:00:00,8.894143010529822
75,2000-03-16T00:00:00,11.196027356205516
76,2000-03-17T00:00:00,8.800935232290172
77,2000-03-18T00:00:00,7.0569946914695905
78,2000-03-19T00:00:00,11.684801892767783
79,2000-03-20T00:00:00,8.048778369382628
80,2000-03-21T00:00:00,8.179047446490573
81,2000-03-22T00:00:00,12.609142372070894
82,2000-03-23T00:00:00,11.767256910902915
83,2000-03-24T00:00:00,7.90314543124467
84,2000-03-25T00:00:00,9.710629102206346
85,2000-03-26T00:00:00,9.26102861711636
86,2000-03-27T00:00:00,12.813788892026132
87,2000-03-28T00:00:00,10.873003879308692
88,2000-03-29T00:00:00,8.504998653863579
89,2000-03-30T00:00:00,11.240521938908284
90,2000-03-31T00:00:00,9.640794572003395
91,2000-04-01T00:00:00,9.497724378927614
92,2000-04-02T00:00:00,8.059768962991908
93,2000-04-03T00:00:00,9.317706670969704
94,2000-04-04T00:00:00,8.959773224281555
95,2000-04-05T00:00:00,5.278432865394169
96,2000-04-06T00:00:00,11.963834202167675
97,2000-04-07T00:00:00,7.910513908934869
98,2000-04-08T00:00:00,8.12378845916995
99,2000-04-09T00:00:00,6.338898431203482
100,2000-04-10T00:00:00,10.23096231425848
101,2000-04-11T00:00:00,7.5427953518249655
102,2000-04-12T00:00:00,12.284209395025961
103,2000-04-13T00:00:00,9.792926619895258
104,2000-04-14T00:00:00,8.173238249119525
105,2000-04-15T00:00:00,11.692514567118112
106,2000-04-16T00:00:00,8.661717621084469
107,2000-04-17T00:00:00,12.061806819655803
108,2000-04-18T00:00:00,11.416152662127633
109,2000-04-19T00:00:00,10.445099251125468
110,2000-04-20T00:00:00,7.14447593201674
111,2000-04-21T00:00:00,11.827580500702878
112,2000-04-22T00:00:00,12.005222065108114
113,2000-04-23T00:00:00,6.930216358562532
114,2000-04-24T00:00:00,7.516860464205333
115,2000-04-25T00:00:00,10.801554562330375
116,2000-04-26T00:00:00,10.465292394435147
117,2000-04-27T00:00:00,12.138061068361374
118,2000-04-28T00:00:00,13.019161978613951
119,2000-04-29T00:00:00,10.38252590082026
120,2000-04-30T00:00:00,6.608880144536759
121,2000-05-01T00:00:00,13.73388430692674
122,2000-05-02T00:00:00,12.217233689975096
123,2000-05-03T00:00:00,10.916108356139025
124,2000-05-04T00:00:00,5.415884362380072
125,2000-05-05T00:00:00,12.68354461390458
126,2000-05-06T00:00:00,7.894790590864208
127,2000-05-07T00:00:00,9.629546909809553
128,2000-05-08T00:00:00,2.1908647475456604
129,2000-05-09T00:00:00,5.227277020318232
130,2000-05-10T00:00:00,16.790044496777774
131,2000-05-11T00:00:00,6.2970618864687005
132,2000-05-12T00:00:00,9.152451831057798
133,2000-05-13T00:00:00,9.543423354216738
134,2000-05-14T00:00:00,8.128948171852329
135,2000-05-15T00:00:00,5.774123989998673
136,2000-05-16T00:00:00,9.595311934568164
137,2000-05-17T00:00:00,11.490832479550058
138,2000-05-18T00:00:00,7.805648396706039
139,2000-05-19T00:00:00,10.470651425754548
140,2000-05-20T00:00:00,9.095493429544488
141,2000-05-21T00:00:00,8.53340452751353
142,2000-05-22T00:00:00,12.365351686527458
143,2000-05-23T00:00:00,16.865788384446745
144,2000-05-24T00:00:00,15.80618009799537
145,2000-05-25T00:00:00,10.84736129867291
146,2000-05-26T00:00:00,9.291130091693597
147,2000-05-27T00:00:00,6.99378415772034
148,2000-05-28T00:00:00,8.08895802472224
149,2000-05-29T00:00:00,12.269492402635883
150,2000-05-30T00:00:00,12.17531125304579
151,2000-05-31T00:00:00,8.385064643999572
152,2000-06-01T00:00:00,10.807782387648249
153,2000-06-02T00:00:00,6.130278648532162
154,2000-06-03T00:00:00,11.494861449810816
155,2000-06-04T00:00:00,9.12501141346223
156,2000-06-05T00:00:00,12.64515300132363
157,2000-06-06T00:00:00,7.158161271914931
158,2000-06-07T00:00:00,7.061724920941824
159,2000-06-08T00:00:00,11.370689565194043
160,2000-06-09T00:00:00,8.209510623153214
161,2000-06-10T00:00:00,14.319191418721807
162,2000-06-11T00:00:00,9.164889587405717
163,2000-06-12T00:00:00,7.28974350246523
164,2000-06-13T00:00:00,10.08805113603171
165,2000-06-14T00:00:00,7.210516725596779
166,2000-06-15T00:00:00,9.760404192032713
167,2000-06-16T00:00:00,10.039801179799934
168,2000-06-17T00:00:00,9.807002839863609
169,2000-06-18T00:00:00,7.018911119625606
170,2000-06-19T00:00:00,12.026256903607718
171,2000-06-20T00:00:00,5.0159256193086454
172,2000-06-21T00:00:00,8.987655624018311
173,2000-06-22T00:00:00,9.16027136754496
174,2000-06-23T00:00:00,10.205571056274541
175,2000-06-24T00:00:00,9.984540164788857
176,2000-06-25T00:00:00,10.452557611053235
177,2000-06-26T00:00:00,9.578652895070407
178,2000-06-27T00:00:00,10.432034804063314
179,2000-06-28T00:00:00,10.28749603593214
180,2000-06-29T00:00:00,11.454219977016244
181,2000-06-30T00:00:00,9.314108864693743
182,2000-07-01T00:00:00,9.04626465915544
183,2000-07-02T00:00:00,8.582701570103085
184,2000-07-03T00:00:00,8.327552817872995
185,2000-07-04T00:00:00,12.898521674536422
186,2000-07-05T00:00:00,8.301557379346963
187,2000-07-06T00:00:00,9.051093901133777
188,2000-07-07T00:00:00,8.828131887912349
189,2000-07-08T00:00:00,8.540990930097887
190,2000-07-09T00:00:00,9.073768792198083
191,2000-07-10T00:00:00,12.054339409976341
192,2000-07-11T00:00:00,7.662013504935009
193,2000-07-12T00:00:00,15.871986024798378
194,2000-07-13T00:00:00,12.779876809752025
195,2000-07-14T00:00:00,12.65880254647904
196,2000-07-15T00:00:00,8.46766731250903
197,2000-07-16T00:00:00,5.833702181856759
198,2000-07-17T00:00:00,11.264051983298074
199,2000-07-18T00:00:00,7.083181777901515
200,2000-07-19T00:00:00,10.896105838355842
201,2000-07-20T00:00:00,9.611232409695331
202,2000-07-21T00:00:00,14.642464057880716
203,2000-07-22T00:00:00,7.702841775703906
204,2000-07-23T00:00:00,10.412349836490627
205,2000-07-24T00:00:00,6.634946773477239
206,2000-07-25T00:00:00,13.418622821753221
207,2000-07-26T00:00:00,8.653129283400744
208,2000-07-27T00:00:00,10.665464474743073
209,2000-07-28T00:00:00,11.762703684855122
210,2000-07-29T00:00:00,10.434285445872025
211,2000-07-30T00:00:00,11.53891097535264
212,2000-07-31T00:00:00,11.184537667001049
213,2000-08-01T00:00:00,6.88863909435714
214,2000-08-02T00:00:00,10.994651020812135
215,2000-08-03T00:00:00,11.592083641107187
216,2000-08-04T00:00:00,10.219283337747022
217,2000-08-05T00:00:00,11.481776561350516
218,2000-08-06T00:00:00,11.11515370423807
219,2000-08-07T00:00:00,10.601387476152546
220,2000-08-08T00:00:00,8.565345415230098
221,2000-08-09T00:00:00,7.700301674518407
222,2000-08-10T00:00:00,10.16119473580654
223,2000-08-11T00:00:00,11.097317616992372
224,2000-08-12T00:00:00,10.803208046712642
225,2000-08-13T00:00:00,10.836226755903514
226,2000-08-14T00:00:00,9.456740684035296
227,2000-08-15T00:00:00,12.352170320766765
228,2000-08-16T00:00:00,13.309616674811565
229,2000-08-17T00:00:00,11.6698077056925
230,2000-08-18T00:00:00,10.6386351245784
231,2000-08-19T00:00:00,10.810654966559605
232,2000-08-20T00:00:00,11.001688155780064
233,2000-08-21T00:00:00,8.524650772825325
234,2000-08-22T00:00:00,7.780296725088277
235,2000-08-23T00:00:00,7.499114525934041
236,2000-08-24T00:00:00,7.770185815134116
237,2000-08-25T00:00:00,13.359866456976107
238,2000-08-26T00:00:00,12.597543635151691
239,2000-08-27T00:00:00,12.675533978793464
240,2000-08-28T00:00:00,11.83994785448413
241,2000-08-29T00:00:00,5.608888627614585
242,2000-08-30T00:00:00,9.509796322958582
243,2000-08-31T00:00:00,10.097608585689416
244,2000-09-01T00:00:00,7.499505907509084
245,2000-09-02T00:00:00,10.708451498099736
246,2000-09-03T00:00:00,11.935612083986497
247,2000-09-04T00:00:00,8.388664381997305
248,2000-09-05T00:00:00,11.364194281332205
249,2000-09-06T00:00:00,8.61922527411652
250,2000-09-07T00:00:00,8.725796693664499
251,2000-09-08T00:00:00,11.741263462278596
252,2000-09-09T00:00:00,8.90580518476476
253,2000-09-10T00:00:00,11.401870454348034
254,2000-09-11T00:00:00,11.16225190081483
255,2000-09-12T00:00:00,9.221729831773391
256,2000-09-13T00:00:00,9.287380973416523
257,2000-09-14T00:00:00,9.788550131597018
258,2000-09-15T00:00:00,7.5136997921743705
259,2000-09-16T00:00:00,13.778827354071888
260,2000-09-17T00:00:00,8.145758343869533
261,2000-09-18T00:00:00,11.182308512626978
262,2000-09-19T00:00:00,11.026154444381008
263,2000-09-20T00:00:00,7.822862427232129
264,2000-09-21T00:00:00,6.816976451397355
265,2000-09-22T00:00:00,9.242387803891695
266,2000-09-23T00:00:00,8.597782811723471
267,2000-09-24T00:00:00,11.925164776418754
268,2000-09-25T00:00:00,8.50935425778678
269,2000-09-26T00:00:00,8.657977038835616
270,2000-09-27T00:00:00,4.7573105924744254
271,2000-09-28T00:00:00,9.433782906866107
272,2000-09-29T00:00:00,11.399419699318358
273,2000-09-30T00:00:00,9.655625206193667
274,2000-10-01T00:00:00,12.549586668490264
275,2000-10-02T00:00:00,10.880515895330682
276,2000-10-03T00:00:00,8.59870889548202
277,2000-10-04T00:00:00,7.532293978580164
278,2000-10-05T00:00:00,8.543393026151866
279,2000-10-06T00:00:00,11.774575714314725
280,2000-10-07T00:00:00,6.90534917153343
281,2000-10-08T00:00:00,12.413591750160753
282,2000-10-09T00:00:00,6.455965079794071
283,2000-10-10T00:00:00,10.413774963890901
284,2000-10-11T00:00:00,6.357576654842646
285,2000-10-12T00:00:00,9.753260745323685
286,2000-10-13T00:00:00,11.205213314928587
287,2000-10-14T00:00:00,9.708638674568515
288,2000-10-15T00:00:00,9.12725450946064
289,2000-10-16T00:00:00,9.770342613695671
290,2000-10-17T00:00:00,8.258823154508423
291,2000-10-18T00:00:00,8.703294371655463
292,2000-10-19T00:00:00,9.841862304825368
293,2000-10-20T00:00:00,9.286418593763381
294,2000-10-21T00:00:00,6.424289985123054
295,2000-10-22T00:00:00,11.63126075505616
296,2000-10-23T00:00:00,8.263693266650577
297,2000-10-24T00:00:00,10.343151283107913
298,2000-10-25T00:00:00,5.825018825683604
299,2000-10-26T00:00:00,11.5364756992273
300,2000-10-27T00:00:00,10.492205881147608
301,2000-10-28T00:00:00,8.649193373245051
302,2000-10-29T00:00:00,9.322113563106118
303,2000-10-30T00:00:00,7.944863562071667
304,2000-10-31T00:00:00,7.9449858354338625
305,2000-11-01T00:00:00,9.99849845869063
306,2000-11-02T00:00:00,9.781447237399513
307,2000-11-03T00:00:00,6.725555916787346
308,2000-11-04T00:00:00,5.274340387509101
309,2000-11-05T00:00:00,11.750012668001743
310,2000-11-06T00:00:00,12.76449833814609
311,2000-11-07T00:00:00,12.61780054014133
312,2000-11-08T00:00:00,8.58930564621832
313,2000-11-09T00:00:00,13.131923714795162
314,2000-11-10T00:00:00,10.149255262002722
315,2000-11-11T00:00:00,9.873370357447207
316,2000-11-12T00:00:00,8.494325207055011
317,2000-11-13T00:00:00,7.920611544584525
318,2000-11-14T00:00:00,11.036989840537476
319,2000-11-15T00:00:00,9.513558518657048
320,2000-11-16T00:00:00,5.3146217145722225
321,2000-11-17T00:00:00,9.60858693250025
322,2000-11-18T00:00:00,10.251037663395744
323,2000-11-19T00:00:00,8.163285365934101
324,2000-11-20T00:00:00,13.661859958925177
325,2000-11-21T00:00:00,7.8639365674625505
326,2000-11-22T00:00:00,9.039419849703535
327,2000-11-23T00:00:00,10.893435596109256
328,2000-11-24T00:00:00,8.021491337228893
329,2000-11-25T00:00:00,11.884567490314755
330,2000-11-26T00:00:00,-0.45171477617540035
331,2000-11-27T00:00:00,9.969167823422406
332,2000-11-28T00:00:00,7.088797979155496
333,2000-11-29T00:00:00,9.064629283836387
334,2000-11-30T00:00:00,12.13450512356132
335,2000-12-01T00:00:00,9.583309230869588
336,2000-12-02T00:00:00,5.920648236203457
337,2000-12-03T00:00:00,9.799145389934594
338,2000-12-04T00:00:00,8.47282811452396
339,2000-12-05T00:00:00,9.723945401790067
340,2000-12-06T00:00:00,20.37236329750703
341,2000-12-07T00:00:00,10.290738727227327
342,2000-12-08T00:00:00,11.419601834056191
343,2000-12-09T00:00:00,9.728662889649573
344,2000-12-10T00:00:00,11.475245929540623
345,2000-12-11T00:00:00,12.967068334534481
346,2000-12-12T00:00:00,8.430814971436194
347,2000-12-13T00:00:00,8.830494473723446
348,2000-12-14T00:00:00,11.273452466533284
349,2000-12-15T00:00:00,8.455223456707607
350,2000-12-16T00:00:00,11.708049411368938
351,2000-12-17T00:00:00,8.555489223467998
352,2000-12-18T00:00:00,13.336228983286933
353,2000-12-19T00:00:00,11.032999739801957
354,2000-12-20T00:00:00,8.799605752526833
355,2000-12-21T00:00:00,6.205948196205076
356,2000-12-22T00:00:00,10.485897994526448
357,2000-12-23T00:00:00,7.027058166362225
358,2000-12-24T00:00:00,8.610223566883203
359,2000-12-25T00:00:00,8.292701758528315
360,2000-12-26T00:00:00,9.128874428371248
361,2000-12-27T00:00:00,14.286557708162585
362,2000-12-28T00:00:00,9.6006530723843
363,2000-12-29T00:00:00,11.009686659622359
364,2000-12-30T00:00:00,6.572408202460835
365,2000-12-31T00:00:00,8.097056305193165
366,2001-01-01T00:00:00,7.487680691197108
367,2001-01-02T00:00:00,8.09742970857516
368,2001-01-03T00:00:00,10.956090606885985
369,2001-01-04T00:00:00,10.060600761450956
370,2001-01-05T00:00:00,10.710375342502173
371,2001-01-06T00:00:00,11.885633208199309
372,2001-01-07T00:00:00,10.367016943352793
373,2001-01-08T00:00:00,8.92362358238063
374,2001-01-09T00:00:00,10.77206006874063
375,2001-01-10T00:00:00,8.172588262769906
376,2001-01-11T00:00:00,7.882875080767571
377,2001-01-12T00:00:00,10.310034984824686
378,2001-01-13T00:00:00,11.061521599800987
379,2001-01-14T00:00:00,9.518789016968844
380,2001-01-15T00:00:00,7.477457735213543
381,2001-01-16T00:00:00,13.091563369431883
382,2001-01-17T00:00:00,6.524636898604303
383,2001-01-18T00:00:00,8.810984128700023
384,2001-01-19T00:00:00,13.77599792322211
385,2001-01-20T00:00:00,9.580440154745473
386,2001-01-21T00:00:00,12.276578261386465
387,2001-01-22T00:00:00,9.865746550122186
388,2001-01-23T00:00:00,13.140481713868045
389,2001-01-24T00:00:00,10.655670375184233
390,2001-01-25T00:00:00,7.487942597126292
391,2001-01-26T00:00:00,12.089201050492314
392,2001-01-27T00:00:00,11.330016186299025
393,2001-01-28T00:00:00,12.314468768658273
394,2001-01-29T00:00:00,6.277803006891393
395,2001-01-30T00:00:00,12.45961787736276
396,2001-01-31T00:00:00,8.409604451292289
397,2001-02-01T00:00:00,13.924021765704985
398,2001-02-02T00:00:00,10.343028927534016
399,2001-02-03T00:00:00,8.391274886208459
400,2001-02-04T00:00:00,11.490218423596238
401,2001-02-05T00:00:00,12.028830839950052
402,2001-02-06T00:00:00,10.451547796730694
403,2001-02-07T00:00:00,11.406546910693397
404,2001-02-08T00:00:00,11.538206590818486
405,2001-02-09T00:00:00,11.400149720922212
406,2001-02-10T00:00:00,9.597055378683136
407,2001-02-11T00:00:00,10.282761953715047
408,2001-02-12T00:00:00,8.599565643352943
409,2001-02-13T00:00:00,11.13025518467062
410,2001-02-14T00:00:00,11.678953548150865
411,2001-02-15T00:00:00,10.40275429969306
412,2001-02-16T00:00:00,9.97354151186615
413,2001-02-17T00:00:00,10.043811180876485
414,2001-02-18T00:00:00,15.018417724804674
415,2001-02-19T00:00:00,9.579062620854058
416,2001-02-20T00:00:00,14.1150267878152
417,2001-02-21T00:00:00,11.176400758159097
418,2001-02-22T00:00:00,10.57280241313465
419,2001-02-23T00:00:00,8.78157751170044
420,2001-02-24T00:00:00,10.27826197010284
421,2001-02-25T00:00:00,13.35466779947353
422,2001-02-26T00:00:00,12.197123246624628
423,2001-02-27T00:00:00,7.771018247944204
424,2001-02-28T00:00:00,5.797561701439919
425,2001-03-01T00:00:00,9.616592201585066
426,2001-03-02T00:00:00,11.709831055754005
427,2001-03-03T00:00:00,15.071331224166343
428,2001-03-04T00:00:00,14.42851378998542
429,2001-03-05T00:00:00,8.41007298285767
430,2001-03-06T00:00:00,10.835798717060959
431,2001-03-07T00:00:00,8.802636080048266
432,2001-03-08T00:00:00,7.400513028810081
433,2001-03-09T00:00:00,10.820965279932091
434,2001-03-10T00:00:00,11.738904031691419
435,2001-03-11T00:00:00,11.491336694393974
436,2001-03-12T00:00:00,10.2086739056542
437,2001-03-13T00:00:00,7.7280419390220825
438,2001-03-14T00:00:00,9.486017205922268
439,2001-03-15T00:00:00,10.728425927883865
440,2001-03-16T00:00:00,11.388914759358736
441,2001-03-17T00:00:00,12.39956111203052
442,2001-03-18T00:00:00,10.266759434735683
443,2001-03-19T00:00:00,10.22943631018371
444,2001-03-20T00:00:00,12.029413946497225
445,2001-03-21T00:00:00,12.678414111957935
446,2001-03-22T00:00:00,9.407507343963122
447,2001-03-23T00:00:00,7.741644456439833
448,2001-03-24T00:00:00,10.184199091929086
449,2001-03-25T00:00:00,7.4618922692027
450,2001-03-26T00:00:00,6.366870874383171
451,2001-03-27T00:00:00,11.640242274028232
452,2001-03-28T00:00:00,4.948925112705273
453,2001-03-29T00:00:00,10.753689704433762
454,2001-03-30T00:00:00,8.903475842747412
455,2001-03-31T00:00:00,9.716774000275171
456,2001-04-01T00:00:00,8.06184854475165
457,2001-04-02T00:00:00,9.591693028840206
458,2001-04-03T00:00:00,12.108019440791576
459,2001-04-04T00:00:00,7.636261320685881
460,2001-04-05T00:00:00,10.496027058966687
461,2001-04-06T00:00:00,8.514480514761235
462,2001-04-07T00:00:00,8.589038349134022
463,2001-04-08T00:00:00,10.778668054522697
464,2001-04-09T00:00:00,9.74652662095089
465,2001-04-10T00:00:00,8.446061537853097
466,2001-04-11T00:00:00,9.234603152028232
467,2001-04-12T00:00:00,8.327103865882748
468,2001-04-13T00:00:00,9.057432180021785
469,2001-04-14T00:00:00,9.207132915336874
470,2001-04-15T00:00:00,10.7230639507988
471,2001-04-16T00:00:00,12.199229777199488
472,2001-04-17T00:00:00,10.028954022360887
473,2001-04-18T00:00:00,11.957738204522144
474,2001-04-19T00:00:00,8.354493825227502
475,2001-04-20T00:00:00,12.750399075370778
476,2001-04-21T00:00:00,10.094738270545784
477,2001-04-22T00:00:00,10.53953681676565
478,2001-04-23T00:00:00,9.944199445687353
479,2001-04-24T00:00:00,11.6096353686309
480,2001-04-25T00:00:00,10.97493580956699
481,2001-04-26T00:00:00,8.630576252031126
482,2001-04-27T00:00:00,10.090809326973877
483,2001-04-28T00:00:00,11.092866263460476
484,2001-04-29T00:00:00,10.760237058427112
485,2001-04-30T00:00:00,12.882210479235292
486,2001-05-01T00:00:00,11.911314329287913
487,2001-05-02T00:00:00,10.347291304807046
488,2001-05-03T00:00:00,9.280280439190273
489,2001-05-04T00:00:00,9.404086002060021
490,2001-05-05T00:00:00,11.886742442444936
491,2001-05-06T00:00:00,12.23242567566517
492,2001-05-07T00:00:00,10.841115591973919
493,2001-05-08T00:00:00,11.610286403088592
494,2001-05-09T00:00:00,13.307505526522723
495,2001-05-10T00:00:00,7.088334271656436
496,2001-05-11T00:00:00,11.711989223917078
497,2001-05-12T00:00:00,8.545090424605759
498,2001-05-13T00:00:00,12.905214595856528
499,2001-05-14T00:00:00,8.784131620226095
500,2001-05-15T00:00:00,8.842232497465705
501,2001-05-16T00:00:00,9.748446935473547
502,2001-05-17T00:00:00,8.691424012518643
503,2001-05-18T00:00:00,13.25311384286598
504,2001-05-19T00:00:00,12.627928330156587
505,2001-05-20T00:00:00,9.810255719815045
506,2001-05-21T00:00:00,6.188338493952382
507,2001-05-22T00:00:00,9.480370775027282
508,2001-05-23T00:00:00,11.300165636322195
509,2001-05-24T00:00:00,10.667685124464658
510,2001-05-25T00:00:00,8.248988559023521
511,2001-05-26T00:00:00,9.093109869561289
512,2001-05-27T00:00:00,8.11066406749255
513,2001-05-28T00:00:00,10.307868646592848
514,2001-05-29T00:00:00,10.034840162400045
515,2001-05-30T00:00:00,9.129599656663117
516,2001-05-31T00:00:00,9.548099524700442
517,2001-06-01T00:00:00,13.07820870489319
518,2001-06-02T00:00:00,9.244528069293642
519,2001-06-03T00:00:00,8.45874611529836
520,2001-06-04T00:00:00,12.971513382775852
521,2001-06-05T00:00:00,8.622477514812552
522,2001-06-06T00:00:00,8.506223603656338
523,2001-06-07T00:00:00,9.74156800907816
524,2001-06-08T00:00:00,13.284389204546017
525,2001-06-09T00:00:00,8.40122278565993
526,2001-06-10T00:00:00,9.451645809910604
527,2001-06-11T00:00:00,10.78590282016965
528,2001-06-12T00:00:00,11.34693817741013
529,2001-06-13T00:00:00,10.667805398676187
530,2001-06-14T00:00:00,7.300630277512774
531,2001-06-15T00:00:00,8.030405420451913
532,2001-06-16T00:00:00,13.999374131884446
533,2001-06-17T00:00:00,9.525148095908571
534,2001-06-18T00:00:00,8.318110541940424
535,2001-06-19T00:00:00,6.237074268143502
536,2001-06-20T00:00:00,8.341320710054115
537,2001-06-21T00:00:00,7.130195245264465
538,2001-06-22T00:00:00,12.339936472694472
539,2001-06-23T00:00:00,11.554008074514352
540,2001-06-24T00:00:00,11.81067700479605
541,2001-06-25T00:00:00,9.882682336759807
542,2001-06-26T00:00:00,10.422468721005446
543,2001-06-27T00:00:00,8.585618493220752
544,2001-06-28T00:00:00,9.198428408302723
545,2001-06-29T00:00:00,12.512280294324569
546,2001-06-30T00:00:00,7.334737644506051
547,2001-07-01T00:00:00,10.251640820352625
548,2001-07-02T00:00:00,9.832123142054451
549,2001-07-03T00:00:00,8.252713660918449
550,2001-07-04T00:00:00,7.994750105167883
551,2001-07-05T00:00:00,7.22361475230716
552,2001-07-06T00:00:00,10.353279511340522
553,2001-07-07T00:00:00,12.877881030670345
554,2001-07-08T00:00:00,11.596035653872363
555,2001-07-09T00:00:00,10.520931494965373
556,2001-07-10T00:00:00,13.253479336689193
557,2001-07-11T00:00:00,12.299540252141586
558,2001-07-12T00:00:00,12.357118554701362
559,2001-07-13T00:00:00,13.177529589880123
560,2001-07-14T00:00:00,10.786846256861958
561,2001-07-15T00:00:00,11.79437700603116
562,2001-07-16T00:00:00,12.824250343722888
563,2001-07-17T00:00:00,12.834378623809613
564,2001-07-18T00:00:00,7.133403722186658
565,2001-07-19T00:00:00,13.551703327113865
566,2001-07-20T00:00:00,7.852293681065868
567,2001-07-21T00:00:00,13.211471504136322
568,2001-07-22T00:00:00,7.101290048155666
569,2001-07-23T00:00:00,11.71944235910143
570,2001-07-24T00:00:00,10.298763974753268
571,2001-07-25T00:00:00,9.733170559602668
572,2001-07-26T00:00:00,11.705404336726657
573,2001-07-27T00:00:00,13.033427220071264
574,2001-07-28T00:00:00,10.417373424033961
575,2001-07-29T00:00:00,8.324249173622784
576,2001-07-30T00:00:00,8.544418405002258
577,2001-07-31T00:00:00,10.049052944024465
578,2001-08-01T00:00:00,8.249830741789934
579,2001-08-02T00:00:00,9.149907745886665
580,2001-08-03T00:00:00,9.95388268839219
581,2001-08-04T00:00:00,11.735545916637856
582,2001-08-05T00:00:00,11.114156793661337
583,2001-08-06T00:00:00,9.932347769532221
584,2001-08-07T00:00:00,9.55453174660684
585,2001-08-08T00:00:00,5.976595168107684
586,2001-08-09T00:00:00,9.000486072326694
587,2001-08-10T00:00:00,4.847624128457232
588,2001-08-11T00:00:00,10.475247839926777
589,2001-08-12T00:00:00,11.346814678736113
590,2001-08-13T00:00:00,9.19462518839142
591,2001-08-14T00:00:00,9.404480074015083
592,2001-08-15T00:00:00,11.874818803455268
593,2001-08-16T00:00:00,11.088506101129996
594,2001-08-17T00:00:00,9.23936908115216
595,2001-08-18T00:00:00,9.794712064286546
596,2001-08-19T00:00:00,10.349037390019866
597,2001-08-20T00:00:00,7.2439220336077685
598,2001-08-21T00:00:00,7.558677258392187
599,2001-08-22T00:00:00,11.07746908108193
600,2001-08-23T00:00:00,9.084222652031976
601,2001-08-24T00:00:00,11.582506138591636
602,2001-08-25T00:00:00,8.521071071050583
603,2001-08-26T00:00:00,11.05774021649349
604,2001-08-27T00:00:00,11.475110170104003
605,2001-08-28T00:00:00,6.084820169671063
606,2001-08-29T00:00:00,10.33510274250529
607,2001-08-30T00:00:00,12.741475090626892
608,2001-08-31T00:00:00,4.470521659307515
609,2001-09-01T00:00:00,10.244369911381748
610,2001-09-02T00:00:00,11.066174111404244
611,2001-09-03T00:00:00,8.091390850709674
612,2001-09-04T00:00:00,10.167753274136885
613,2001-09-05T00:00:00,9.202390096845097
614,2001-09-06T00:00:00,11.378468331588738
615,2001-09-07T00:00:00,7.864995198811704
616,2001-09-08T00:00:00,12.285566207691804
617,2001-09-09T00:00:00,11.41218927724068
618,2001-09-10T00:00:00,12.194642185065868
619,2001-09-11T00:00:00,10.175986372530783
620,2001-09-12T00:00:00,12.348350505815565
621,2001-09-13T00:00:00,10.661548016906393
622,2001-09-14T00:00:00,7.0917213672332835
623,2001-09-15T00:00:00,7.36417177209
624,2001-09-16T00:00:00,11.282903954982103
625,2001-09-17T00:00:00,10.287183532979148
626,2001-09-18T00:00:00,14.416433036348426
627,2001-09-19T00:00:00,10.233877684066735
628,2001-09-20T00:00:00,4.863828269556385
629,2001-09-21T00:00:00,9.46423680631104
630,2001-09-22T00:00:00,10.470911669655619
631,2001-09-23T00:00:00,10.67905470991224
632,2001-09-24T00:00:00,8.174308736745122
633,2001-09-25T00:00:00,13.854729280543104
634,2001-09-26T00:00:00,9.459614463396044
635,2001-09-27T00:00:00,11.231688783712691
636,2001-09-28T00:00:00,8.768861173879262
637,2001-09-29T00:00:00,9.636139476342718
638,2001-09-30T00:00:00,9.975002876797467
639,2001-10-01T00:00:00,9.6637844925123
640,2001-10-02T00:00:00,11.012262108089127
641,2001-10-03T00:00:00,12.473877874933034
642,2001-10-04T00:00:00,10.044917225055865
643,2001-10-05T00:00:00,10.475525476811669
644,2001-10-06T00:00:00,12.036508444468346
645,2001-10-07T00:00:00,11.087314787352062
646,2001-10-08T00:00:00,10.496796497570049
647,2001-10-09T00:00:00,9.885524665170813
648,2001-10-10T00:00:00,10.240046963987176
649,2001-10-11T00:00:00,10.024183779604394
650,2001-10-12T00:00:00,10.360432183007788
651,2001-10-13T00:00:00,9.36379934003557
652,2001-10-14T00:00:00,9.848830226245438
653,2001-10-15T00:00:00,10.864012434140284
654,2001-10-16T00:00:00,8.566249866520797
655,2001-10-17T00:00:00,10.490716136765593
656,2001-10-18T00:00:00,8.94592195756389
657,2001-10-19T00:00:00,12.911589253575148
658,2001-10-20T00:00:00,9.210449142315154
659,2001-10-21T00:00:00,8.151763288321911
660,2001-10-22T00:00:00,7.857483184570221
661,2001-10-23T00:00:00,10.848179852995196
662,2001-10-24T00:00:00,5.94261730741686
663,2001-10-25T00:00:00,8.634757607326051
664,2001-10-26T00:00:00,8.384109936736966
665,2001-10-27T00:00:00,7.120083198345807
666,2001-10-28T00:00:00,8.214439964012085
667,2001-10-29T00:00:00,10.392936034169313
668,2001-10-30T00:00:00,10.32505070164831
669,2001-10-31T00:00:00,12.771006774950163
670,2001-11-01T00:00:00,15.271237905676575
671,2001-11-02T00:00:00,9.645556547647713
672,2001-11-03T00:00:00,9.075944623958309
673,2001-11-04T00:00:00,10.024167922611335
674,2001-11-05T00:00:00,13.434756956996864
675,2001-11-06T00:00:00,5.395067571958526
676,2001-11-07T00:00:00,13.988574328780054
677,2001-11-08T00:00:00,6.013171035375682
678,2001-11-09T00:00:00,9.142713637614152
679,2001-11-10T00:00:00,9.172063472938621
680,2001-11-11T00:00:00,10.536627796420776
681,2001-11-12T00:00:00,9.30933067802998
682,2001-11-13T00:00:00,9.73035583622981
683,2001-11-14T00:00:00,7.0643094564467095
684,2001-11-15T00:00:00,9.836555238287641
685,2001-11-16T00:00:00,8.426627354647716
686,2001-11-17T00:00:00,13.698940506400193
687,2001-11-18T00:00:00,10.323512971170567
688,2001-11-19T00:00:00,10.612232751186541
689,2001-11-20T00:00:00,8.289224756305892
690,2001-11-21T00:00:00,9.830515549366943
691,2001-11-22T00:00:00,13.728857264574723
692,2001-11-23T00:00:00,9.26301530564946
693,2001-11-24T00:00:00,9.774703253741084
694,2001-11-25T00:00:00,8.05302201083774
695,2001-11-26T00:00:00,8.148251874777982
696,2001-11-27T00:00:00,10.964962843317577
697,2001-11-28T00:00:00,8.352840146564576
698,2001-11-29T00:00:00,11.699306818251284
699,2001-11-30T00:00:00,7.411834701718151
700,2001-12-01T00:00:00,11.555677675539798
701,2001-12-02T00:00:00,10.495287050416362
702,2001-12-03T00:00:00,10.23665917726665
703,2001-12-04T00:00:00,8.873236283869621
704,2001-12-05T00:00:00,9.912209835509193
705,2001-12-06T00:00:00,11.270989281926504
706,2001-12-07T00:00:00,11.171860352524607
707,2001-12-08T00:00:00,11.708632845379864
708,2001-12-09T00:00:00,9.537810810735847
709,2001-12-10T00:00:00,6.022687561068345
710,2001-12-11T00:00:00,10.648045871303223
711,2001-12-12T00:00:00,10.197947174362232
712,2001-12-13T00:00:00,10.83210408174591
713,2001-12-14T00:00:00,8.22609237899947
714,2001-12-15T00:00:00,9.914654738745464
715,2001-12-16T00:00:00,8.827959125774994
716,2001-12-17T00:00:00,11.24311207195179
717,2001-12-18T00:00:00,9.303112507240137
718,2001-12-19T00:00:00,10.471126830353196
719,2001-12-20T00:00:00,9.403695783368928
720,2001-12-21T00:00:00,8.960419266356258
721,2001-12-22T00:00:00,9.105696397316118
722,2001-12-23T00:00:00,10.372048615272579
723,2001-12-24T00:00:00,6.818239214036101
724,2001-12-25T00:00:00,11.456378229504184
725,2001-12-26T00:00:00,14.752668661417903
726,2001-12-27T00:00:00,12.14248337389307
727,2001-12-28T00:00:00,10.807639428475868
728,2001-12-29T00:00:00,6.256091938628681
729,2001-12-30T00:00:00,9.900590328348091
730,2001-12-31T00:00:00,10.617102191584728
731,2002-01-01T00:00:00,9.999574349680408
732,2002-01-02T00:00:00,9.552612883113289
733,2002-01-03T00:00:00,9.13068769357028
734,2002-01-04T00:00:00,12.413983876667675
735,2002-01-05T00:00:00,10.293562333433469
736,2002-01-06T00:00:00,7.78874348013915
737,2002-01-07T00:00:00,10.841679876505564
738,2002-01-08T00:00:00,6.313018507560551
739,2002-01-09T00:00:00,8.862354617093388
740,2002-01-10T00:00:00,11.52520402587714
741,2002-01-11T00:00:00,9.074837939025889
742,2002-01-12T00:00:00,12.362013162871419
743,2002-01-13T00:00:00,10.40343632815707
744,2002-01-14T00:00:00,8.734597633712902
745,2002-01-15T00:00:00,10.846642963282804
746,2002-01-16T00:00:00,10.54835027985239
747,2002-01-17T00:00:00,11.815847287320636
748,2002-01-18T00:00:00,8.948911364950021
749,2002-01-19T00:00:00,10.332037090452793
750,2002-01-20T00:00:00,10.829813273590121
751,2002-01-21T00:00:00,9.630889167677417
752,2002-01-22T00:00:00,11.775246965910775
753,2002-01-23T00:00:00,10.262299772979667
754,2002-01-24T00:00:00,12.97953591602672
755,2002-01-25T00:00:00,10.463918169253887
756,2002-01-26T00:00:00,7.028690581889377
757,2002-01-27T00:00:00,8.347578094621165
758,2002-01-28T00:00:00,11.788806673270352
759,2002-01-29T00:00:00,7.317641189214827
760,2002-01-30T00:00:00,8.308159130499178
761,2002-01-31T00:00:00,7.472619561890717
762,2002-02-01T00:00:00,7.122409749747932
763,2002-02-02T00:00:00,15.242828264834703
764,2002-02-03T00:00:00,11.835565638906754
765,2002-02-04T00:00:00,9.961863988734207
766,2002-02-05T00:00:00,6.14142977487443
767,2002-02-06T00:00:00,8.581029940196233
768,2002-02-07T00:00:00,10.696087684086518
769,2002-02-08T00:00:00,12.157433964348176
770,2002-02-09T00:00:00,9.998849703994031
771,2002-02-10T00:00:00,8.208195045994268
772,2002-02-11T00:00:00,10.747939086483102
773,2002-02-12T00:00:00,10.895943576874098
774,2002-02-13T00:00:00,12.371879516442835
775,2002-02-14T00:00:00,11.84991257402483
776,2002-02-15T00:00:00,12.269645090748003
777,2002-02-16T00:00:00,12.306848920991982
778,2002-02-17T00:00:00,11.618085525965254
779,2002-02-18T00:00:00,9.909603746802283
780,2002-02-19T00:00:00,9.249399688165525
781,2002-02-20T00:00:00,10.229111647532912
782,2002-02-21T00:00:00,7.49353146674318
783,2002-02-22T00:00:00,11.438695828133255
784,2002-02-23T00:00:00,7.51698588954559
785,2002-02-24T00:00:00,6.389408912698501
786,2002-02-25T00:00:00,10.452355093926199
787,2002-02-26T00:00:00,11.843797973541953
788,2002-02-27T00:00:00,11.214211850744666
789,2002-02-28T00:00:00,9.22134505019675
790,2002-03-01T00:00:00,10.79559878096073
791,2002-03-02T00:00:00,9.260201890924433
792,2002-03-03T00:00:00,12.246571516305185
793,2002-03-04T00:00:00,10.353246248576443
794,2002-03-05T00:00:00,10.941654645026617
795,2002-03-06T00:00:00,12.221550108285136
796,2002-03-07T00:00:00,0.7315073008532593
797,2002-03-08T00:00:00,10.315968274118685
798,2002-03-09T00:00:00,6.790511876766546
799,2002-03-10T00:00:00,13.67580914733262
800,2002-03-11T00:00:00,9.050856495453639
801,2002-03-12T00:00:00,10.699139693726526
802,2002-03-13T00:00:00,10.22930251908341
803,2002-03-14T00:00:00,5.5192971986593875
804,2002-03-15T00:00:00,10.225976747844424
805,2002-03-16T00:00:00,12.560362495045224
806,2002-03-17T00:00:00,9.444028472224934
807,2002-03-18T00:00:00,8.473679842118962
808,2002-03-19T00:00:00,9.60639124333929
809,2002-03-20T00:00:00,5.928359602019577
810,2002-03-21T00:00:00,11.731654966130556
811,2002-03-22T00:00:00,8.245802667097756
812,2002-03-23T00:00:00,12.53848575347387
813,2002-03-24T00:00:00,10.47803557498526
814,2002-03-25T00:00:00,8.966849291410865
815,2002-03-26T00:00:00,13.789194264353695
816,2002-03-27T00:00:00,8.923795628582788
817,2002-03-28T00:00:00,9.820934936564884
818,2002-03-29T00:00:00,10.768508493403946
819,2002-03-30T00:00:00,9.64047176133673
820,2002-03-31T00:00:00,9.634205988347498
821,2002-04-01T00:00:00,10.408038973144283
822,2002-04-02T00:00:00,11.282274116167997
823,2002-04-03T00:00:00,10.657511155934698
824,2002-04-04T00:00:00,7.9902759107111825
825,2002-04-05T00:00:00,12.110068783588984
826,2002-04-06T00:00:00,9.200560990794159
827,2002-04-07T00:00:00,7.966828256783456
828,2002-04-08T00:00:00,11.816468283487318
829,2002-04-09T00:00:00,9.116736981978608
830,2002-04-10T00:00:00,8.829384731519982
831,2002-04-11T00:00:00,9.577438201844975
832,2002-04-12T00:00:00,7.328806712489854
833,2002-04-13T00:00:00,10.506087327711857
834,2002-04-14T00:00:00,11.362255358705447
835,2002-04-15T00:00:00,9.763326456120001
836,2002-04-16T00:00:00,9.824120553404118
837,2002-04-17T00:00:00,10.067259514700922
838,2002-04-18T00:00:00,9.151550909492826
839,2002-04-19T00:00:00,9.741504748527609
840,2002-04-20T00:00:00,3.1516855038517875
841,2002-04-21T00:00:00,13.671498839633912
842,2002-04-22T00:00:00,13.669994799419015
843,2002-04-23T00:00:00,10.90455775062495
844,2002-04-24T00:00:00,10.701995425079906
845,2002-04-25T00:00:00,9.310603197056537
846,2002-04-26T00:00:00,13.218907481341843
847,2002-04-27T00:00:00,13.011024056059249
848,2002-04-28T00:00:00,11.925796952566996
849,2002-04-29T00:00:00,11.512698625095751
850,2002-04-30T00:00:00,10.485168194357602
851,2002-05-01T00:00:00,10.459612282153971
852,2002-05-02T00:00:00,8.997527384596388
853,2002-05-03T00:00:00,12.426026247264074
854,2002-05-04T00:00:00,7.086495034185021
855,2002-05-05T00:00:00,11.986352124759609
856,2002-05-06T00:00:00,12.182997753875533
857,2002-05-07T00:00:00,10.511399420336668
858,2002-05-08T00:00:00,11.161731296500452
859,2002-05-09T00:00:00,9.699450400358861
860,2002-05-10T00:00:00,8.733107768572683
861,2002-05-11T00:00:00,12.007255406862622
862,2002-05-12T00:00:00,7.4224168453266115
863,2002-05-13T00:00:00,10.632898757556525
864,2002-05-14T00:00:00,13.866571899330017
865,2002-05-15T00:00:00,9.009568188178255
866,2002-05-16T00:00:00,6.6548393046049
867,2002-05-17T00:00:00,7.052756420959252
868,2002-05-18T00:00:00,9.417230324142482
869,2002-05-19T00:00:00,9.767202679606914
870,2002-05-20T00:00:00,8.897524011152331
871,2002-05-21T00:00:00,10.26764759807984
872,2002-05-22T00:00:00,8.798446914017948
873,2002-05-23T00:00:00,10.928109985867813
874,2002-05-24T00:00:00,10.311086960463877
875,2002-05-25T00:00:00,11.473810974274606
876,2002-05-26T00:00:00,9.20735883787027
877,2002-05-27T00:00:00,11.874489554389639
878,2002-05-28T00:00:00,9.105759547045231
879,2002-05-29T00:00:00,10.978372378690008
880,2002-05-30T00:00:00,11.82422895007541
881,2002-05-31T00:00:00,11.36037331382624
882,2002-06-01T00:00:00,11.053451551840524
883,2002-06-02T00:00:00,8.310990868339259
884,2002-06-03T00:00:00,11.93413683405557
885,2002-06-04T00:00:00,8.88256964747169
886,2002-06-05T00:00:00,6.6763122257371235
887,2002-06-06T00:00:00,13.44202569688133
888,2002-06-07T00:00:00,6.026597342378999
889,2002-06-08T00:00:00,10.115057440674251
890,2002-06-09T00:00:00,11.039618809528463
891,2002-06-10T00:00:00,10.912695616548355
892,2002-06-11T00:00:00,7.804742066702262
893,2002-06-12T00:00:00,11.338021327734824
894,2002-06-13T00:00:00,8.11637345956602
895,2002-06-14T00:00:00,8.67337369001586
896,2002-06-15T00:00:00,8.288141174954562
897,2002-06-16T00:00:00,10.590036881829036
898,2002-06-17T00:00:00,8.647342578725052
899,2002-06-18T00:00:00,6.985020481269425
900,2002-06-19T00:00:00,8.395231372416113
901,2002-06-20T00:00:00,9.662206298174517
902,2002-06-21T00:00:00,11.229458690244908
903,2002-06-22T00:00:00,7.26370140517315
904,2002-06-23T00:00:00,8.244364455110093
905,2002-06-24T00:00:00,9.999404401066842
906,2002-06-25T00:00:00,12.869383473235233
907,2002-06-26T00:00:00,10.100465810730503
908,2002-06-27T00:00:00,12.789447691061099
909,2002-06-28T00:00:00,10.144727202743017
910,2002-06-29T00:00:00,6.2643153042836115
911,2002-06-30T00:00:00,9.269029752874356
912,2002-07-01T00:00:00,10.47329323753354
913,2002-07-02T00:00:00,11.363761143881245
914,2002-07-03T00:00:00,11.457859981611415
915,2002-07-04T00:00:00,6.070757034973381
916,2002-07-05T00:00:00,6.726600211163326
917,2002-07-06T00:00:00,13.231647099198916
918,2002-07-07T00:00:00,10.252897445255801
919,2002-07-08T00:00:00,6.3523382477413675
920,2002-07-09T00:00:00,7.153556431699498
921,2002-07-10T00:00:00,9.262193510178632
922,2002-07-11T00:00:00,9.449270479466083
923,2002-07-12T00:00:00,9.580034250409172
924,2002-07-13T00:00:00,12.764652942860858
925,2002-07-14T00:00:00,10.522897533859174
926,2002-07-15T00:00:00,9.372753684242157
927,2002-07-16T00:00:00,11.382395514783573
928,2002-07-17T00:00:00,11.284185746994815
929,2002-07-18T00:00:00,7.544152900726824
930,2002-07-19T00:00:00,9.417476727787912
931,2002-07-20T00:00:00,10.899753976058824
932,2002-07-21T00:00:00,8.680828009935517
933,2002-07-22T00:00:00,10.387146622828123
934,2002-07-23T00:00:00,14.510447325822529
935,2002-07-24T00:00:00,10.84626805108654
936,2002-07-25T00:00:00,8.665349682981375
937,2002-07-26T00:00:00,11.251933292061945
938,2002-07-27T00:00:00,11.271230133554464
939,2002-07-28T00:00:00,10.545257303229576
940,2002-07-29T00:00:00,6.396149031505027
941,2002-07-30T00:00:00,10.85071835655651
942,2002-07-31T00:00:00,10.48742934671553
943,2002-08-01T00:00:00,7.774734575347799
944,2002-08-02T00:00:00,8.971739337745149
945,2002-08-03T00:00:00,10.355706412474298
946,2002-08-04T00:00:00,7.097430078945836
947,2002-08-05T00:00:00,9.103165453288645
948,2002-08-06T00:00:00,10.119416421940382
949,2002-08-07T00:00:00,6.672352947257751
950,2002-08-08T00:00:00,10.808251752346989
951,2002-08-09T00:00:00,7.673453056883842
952,2002-08-10T00:00:00,9.7543356249673
953,2002-08-11T00:00:00,10.17104003847877
954,2002-08-12T00:00:00,12.093457415117175
955,2002-08-13T00:00:00,13.737735937483114
956,2002-08-14T00:00:00,10.24513085929716
957,2002-08-15T00:00:00,10.387303570999412
958,2002-08-16T00:00:00,9.346028936883078
959,2002-08-17T00:00:00,11.530941679514042
960,2002-08-18T00:00:00,9.429084433228427
961,2002-08-19T00:00:00,9.83022567799707
962,2002-08-20T00:00:00,9.893202216516004
963,2002-08-21T00:00:00,9.962571315537142
964,2002-08-22T00:00:00,7.538340190802984
965,2002-08-23T00:00:00,10.202353533427054
966,2002-08-24T00:00:00,10.36157152426258
967,2002-08-25T00:00:00,8.926533500522643
968,2002-08-26T00:00:00,9.121704880996171
969,2002-08-27T00:00:00,9.64742577412432
970,2002-08-28T00:00:00,10.793878261614655
971,2002-08-29T00:00:00,11.88869341107223
972,2002-08-30T00:00:00,13.511558359219443
973,2002-08-31T00:00:00,10.224956846613049
974,2002-09-01T00:00:00,12.915376942584988
975,2002-09-02T00:00:00,12.98866270189368
976,2002-09-03T00:00:00,11.543458981150852
977,2002-09-04T00:00:00,11.815015775858644
978,2002-09-05T00:00:00,7.131918638495463
979,2002-09-06T00:00:00,4.195953301385234
980,2002-09-07T00:00:00,9.977900980512931
981,2002-09-08T00:00:00,7.196305817132736
982,2002-09-09T00:00:00,8.14333595671675
983,2002-09-10T00:00:00,6.503116154721466
984,2002-09-11T00:00:00,7.545446116646383
985,2002-09-12T00:00:00,6.6671466093611045
986,2002-09-13T00:00:00,12.504203707339729
987,2002-09-14T00:00:00,8.461982036411209
988,2002-09-15T00:00:00,9.348117711820173
989,2002-09-16T00:00:00,5.468022930082774
990,2002-09-17T00:00:00,10.427047638149713
991,2002-09-18T00:00:00,12.586031035332429
992,2002-09-19T00:00:00,13.475014019662211
993,2002-09-20T00:00:00,10.52531049637853
994,2002-09-21T00:00:00,5.6422914374634185
995,2002-09-22T00:00:00,11.030892229253897
996,2002-09-23T00:00:00,11.368716492930211
997,2002-09-24T00:00:00,10.23566513485056
998,2002-09-25T00:00:00,9.42095118992851
999,2002-09-26T00:00:00,10.195778609542403
